work_wikidata_id,work_name,work_type,release_or_first_broadcast_date,imdb_id,tmdb_movie_id,tmdb_tv_id,wikidata_work_url
Q3205382,The Scarecrow of Romney Marsh,television series,1964-01-01,tt0055929,,289922,https://www.wikidata.org/wiki/Q3205382
Q4795614,圍繞披頭四,television program,1964-05-06,tt0179651,146294,,https://www.wikidata.org/wiki/Q4795614
Q3079187,太空博物館,Doctor Who serial,1965-04-24,,,,https://www.wikidata.org/wiki/Q3079187
Q7379541,Run a Crooked Mile,television film,1969-01-01,tt0064910,325666,,https://www.wikidata.org/wiki/Q7379541
Q5468251,Foreign Exchange,television film,1970-01-01,tt0064340,252709,,https://www.wikidata.org/wiki/Q5468251
Q1611248,简·爱,television film,1970-01-01,tt0065911,131313,,https://www.wikidata.org/wiki/Q1611248
Q7711079,That's Your Funeral,television series,1970-03-25,tt0065350,,762,https://www.wikidata.org/wiki/Q7711079
Q7521850,Frank Sinatra: In Concert at the Royal Festival Hall,television special,1970-11-22,tt1087448,271278,,https://www.wikidata.org/wiki/Q7521850
Q4841332,Baffled!,television film,1972-12-17,tt0068248,171308,,https://www.wikidata.org/wiki/Q4841332
Q23894094,Serendipity,television series,1973-09-30,,,,https://www.wikidata.org/wiki/Q23894094
Q4967016,Brief Encounter,television film,1974-01-01,tt0071247,115497,,https://www.wikidata.org/wiki/Q4967016
Q3523112,The Turn of the Screw,television film,1974-01-01,tt0072328,126689,,https://www.wikidata.org/wiki/Q3523112
Q613952,废墟中的爱情,television film,1975-03-06,tt0073310,115507,,https://www.wikidata.org/wiki/Q613952
Q113502443,Brian Clarke: The Story So Far (1979),television series episode,1979-03-15,tt3974260,,,https://www.wikidata.org/wiki/Q113502443
Q378748,鐘樓怪人,television film,1982-01-01,tt0084100,80385,,https://www.wikidata.org/wiki/Q378748
Q1754224,新劫後英雄傳,television film,1982-02-23,tt0084157,39382,,https://www.wikidata.org/wiki/Q1754224
Q2539256,心靈的冒險,television film,1987-01-01,tt0093159,48406,,https://www.wikidata.org/wiki/Q2539256
Q4004124,A Man for All Seasons,television film,1988-01-01,tt0095578,118091,,https://www.wikidata.org/wiki/Q4004124
Q932874,殺人狂傑克,miniseries,1988-01-01,tt0095388,,47510,https://www.wikidata.org/wiki/Q932874
Q2371601,The Lady and the Highwayman,television film,1989-01-01,tt0097707,59171,,https://www.wikidata.org/wiki/Q2371601
Q1660599,環遊世界80天,miniseries,1989-01-01,tt0096535,,20580,https://www.wikidata.org/wiki/Q1660599
Q3430569,Prisoner of Honor,television film,1991-01-01,tt0102715,233156,,https://www.wikidata.org/wiki/Q3430569
Q3795151,地板下的小矮人,television film,1992-01-01,tt0105957,,40306,https://www.wikidata.org/wiki/Q3795151
Q4750251,An Ungentlemanly Act,television film,1992-06-13,tt0134178,45562,,https://www.wikidata.org/wiki/Q4750251
Q6820409,圣诞快乐，憨豆先生,Christmas episode,1992-12-29,tt0365495,931452,,https://www.wikidata.org/wiki/Q6820409
Q7720493,郊區佛陀,miniseries,1993-01-01,tt0105963,,8894,https://www.wikidata.org/wiki/Q7720493
Q17426152,An Impossible Job,television film,1994-01-01,tt3823528,,,https://www.wikidata.org/wiki/Q17426152
Q1198889,Good King Wenceslas,television film,1994-01-01,tt0109919,332325,,https://www.wikidata.org/wiki/Q1198889
Q1168407,古堡守護靈,television film,1996-01-01,tt0115820,48358,,https://www.wikidata.org/wiki/Q1168407
Q7811121,吾爱吾师2,television film,1996-01-01,tt0117927,86040,,https://www.wikidata.org/wiki/Q7811121
Q12112900,海上求生記,television film,1996-01-01,tt0116056,213842,,https://www.wikidata.org/wiki/Q12112900
Q2565731,艾瑪,television film,1996-01-01,tt0118308,12254,,https://www.wikidata.org/wiki/Q2565731
Q473899,魔鬼潛艦,television film,1997-01-01,tt0119320,2131,,https://www.wikidata.org/wiki/Q473899
Q7736051,The General,television series,1998-04-06,,,,https://www.wikidata.org/wiki/Q7736051
Q3776130,Great Expectations,television film,1999-01-01,tt0167187,16075,286423,https://www.wikidata.org/wiki/Q3776130
Q16156204,燧石街居民,television film,1999-01-01,tt0228306,151961,,https://www.wikidata.org/wiki/Q16156204
Q1421958,Jason and the Argonauts,miniseries,2000-01-01,tt0217579,,25406,https://www.wikidata.org/wiki/Q1421958
Q7620117,Storm Damage,television film,2000-01-23,tt0174245,392945,,https://www.wikidata.org/wiki/Q7620117
Q39649619,When Louis Met... Jimmy,television film,2000-04-13,tt0304938,,,https://www.wikidata.org/wiki/Q39649619
Q3307591,Murder in Mesopotamia,television film,2001-01-01,tt0278634,1529613,,https://www.wikidata.org/wiki/Q3307591
Q400205,心靈病房,television film,2001-01-01,tt0243664,26976,,https://www.wikidata.org/wiki/Q400205
Q1167445,阳光下的罪恶,television film,2001-04-20,tt0276115,,,https://www.wikidata.org/wiki/Q1167445
Q586199,杰克与仙豆,miniseries,2001-12-02,tt0264262,,16433,https://www.wikidata.org/wiki/Q586199
Q5216963,Daniel Deronda,miniseries,2002-01-01,tt0321897,,34539,https://www.wikidata.org/wiki/Q5216963
Q14954099,Second Generation,television film,2003-01-01,tt0380693,,29749,https://www.wikidata.org/wiki/Q14954099
Q1973919,南方和北方,miniseries,2004-01-01,tt0417349,,13643,https://www.wikidata.org/wiki/Q1973919
Q1197868,After the Funeral,television film,2005-01-01,tt0479977,,,https://www.wikidata.org/wiki/Q1197868
Q7637440,Summer Solstice,television film,2005-01-01,tt0785054,281709,42121,https://www.wikidata.org/wiki/Q7637440
Q1218101,D'Artagnan and the Three Musketeers,television film,2005-01-22,tt0425945,119900,91010,https://www.wikidata.org/wiki/Q1218101
Q2052558,罗斯,television series episode,2005-03-26,tt0562992,,,https://www.wikidata.org/wiki/Q2052558
Q2477742,借屍還魂,television series episode,2005-04-09,tt0563001,,,https://www.wikidata.org/wiki/Q2477742
Q16826704,Banglatown Banquet,television film,2006-01-01,tt0776762,436529,,https://www.wikidata.org/wiki/Q16826704
Q1197563,Taken at the Flood,television episode,2006-01-01,tt0478227,1633382,,https://www.wikidata.org/wiki/Q1197563
Q7763757,The Shell Seekers,miniseries,2006-01-01,tt0758720,8680,,https://www.wikidata.org/wiki/Q7763757
Q1428718,聯航93,television film,2006-01-30,tt0481522,10958,,https://www.wikidata.org/wiki/Q1428718
Q27728970,Under the Greenwood Tree,television film,2006-04-23,tt0465653,18091,,https://www.wikidata.org/wiki/Q27728970
Q6739035,Make Me a Tory,television film,2007-01-01,tt0993771,,,https://www.wikidata.org/wiki/Q6739035
Q7309897,Reichenbach Falls,television film,2007-01-01,tt0862641,54802,,https://www.wikidata.org/wiki/Q7309897
Q7602575,Starting Over,television film,2007-01-01,tt1152390,197878,,https://www.wikidata.org/wiki/Q7602575
Q5054216,Catwalk Dogs,television film,2007-10-21,tt1062242,285699,,https://www.wikidata.org/wiki/Q5054216
Q1436102,Mrs McGinty’s Dead,television episode,2008-01-01,tt0772597,,,https://www.wikidata.org/wiki/Q1436102
Q2421373,Third Girl,television episode,2008-01-01,tt0981210,,,https://www.wikidata.org/wiki/Q2421373
Q1068911,花豹少女隊：勇闖好萊塢,television film,2008-08-22,tt1013542,27621,,https://www.wikidata.org/wiki/Q1068911
Q7005280,New Allegiances,television series episode,2008-10-27,tt1203862,,,https://www.wikidata.org/wiki/Q7005280
Q7711878,第三十九級台階,television film,2008-12-28,tt1282016,16877,,https://www.wikidata.org/wiki/Q7711878
Q17507216,當哈維遇見鮑勃,television film,2010-01-01,tt1692945,76187,,https://www.wikidata.org/wiki/Q17507216
Q3830195,裸體列儂,television film,2010-01-01,tt1560164,42484,,https://www.wikidata.org/wiki/Q3830195
Q27748904,The Channel Islands at War,miniseries,2010-06-28,tt1943508,,196187,https://www.wikidata.org/wiki/Q27748904
Q4027892,+100500,television series,2011-01-01,tt4958826,,,https://www.wikidata.org/wiki/Q4027892
Q7756057,天堂一刻,television series,2012-01-01,tt2391224,,59674,https://www.wikidata.org/wiki/Q7756057
Q17426162,开放日,television film,2012-01-01,tt2371315,153021,,https://www.wikidata.org/wiki/Q17426162
Q5522376,骨頭花園,television series episode,2012-04-22,tt2069319,,,https://www.wikidata.org/wiki/Q5522376
Q4707487,Alan Partridge: Welcome to the Places of My Life,television program,2012-06-25,tt2227372,455644,,https://www.wikidata.org/wiki/Q4707487
Q6396897,Kevin McCloud's Man Made Home,television series,2012-09-23,tt2429484,,65788,https://www.wikidata.org/wiki/Q6396897
Q1573859,天使攻佔曼哈頓,television series episode,2012-09-29,tt2378951,,,https://www.wikidata.org/wiki/Q1573859
Q247643,基本演绎法,television series,2013-01-10,tt2191671,,1415,https://www.wikidata.org/wiki/Q247643
Q19057748,London: Part 1,television series episode,2013-09-26,tt2909126,,,https://www.wikidata.org/wiki/Q19057748
Q15129848,荒郊疑云,television series,2013-10-29,tt2575968,,60605,https://www.wikidata.org/wiki/Q15129848
Q15581476,三人征兆,television film,2014-01-05,tt2781042,,,https://www.wikidata.org/wiki/Q15581476
Q121775325,35 Diwrnod,television program,2014-03-23,tt3919200,,61925,https://www.wikidata.org/wiki/Q121775325
Q52161430,Hinterland,television series,2014-04-28,,,,https://www.wikidata.org/wiki/Q52161430
Q20746214,"The Great British Bake Off, series 6",television season,2015-08-05,,,,https://www.wikidata.org/wiki/Q20746214
Q28443685,"The Great British Bake Off, series 7",television season,2016-08-24,,,,https://www.wikidata.org/wiki/Q28443685
Q28114440,The Holy Trinity,television series episode,2016-11-18,tt5715192,,,https://www.wikidata.org/wiki/Q28114440
Q17021920,禁忌 (電視短劇),television series,2017-01-07,tt3647998,,65708,https://www.wikidata.org/wiki/Q17021920
Q28530979,[censored] to [censored],television series episode,2017-01-27,tt6068854,,,https://www.wikidata.org/wiki/Q28530979
Q53722967,vDud,web series,2017-02-07,tt8948264,,,https://www.wikidata.org/wiki/Q53722967
Q30606729,查尔斯三世,television film,2017-05-10,tt6253522,456187,,https://www.wikidata.org/wiki/Q30606729
Q28443753,倫敦神探,television series,2017-08-27,tt4276618,,72748,https://www.wikidata.org/wiki/Q28443753
Q45423599,"Past, Present or Future",television series episode,2017-12-08,tt6068862,,,https://www.wikidata.org/wiki/Q45423599
Q46403381,The Falls Guys,television series episode,2017-12-15,tt6068864,,,https://www.wikidata.org/wiki/Q46403381
Q46405175,Bah humbug-atti,television series episode,2017-12-22,tt6068866,,,https://www.wikidata.org/wiki/Q46405175
Q39049904,追殺夏娃,television series,2018-04-08,tt7016936,,72750,https://www.wikidata.org/wiki/Q39049904
Q59654709,威尔森夫人,television series,2018-11-27,tt6859806,,78969,https://www.wikidata.org/wiki/Q59654709
Q60774416,告密者,miniseries,2019-01-11,tt7161312,,83059,https://www.wikidata.org/wiki/Q60774416
Q55632932,性愛自修室,television series,2019-01-11,tt7767422,,81356,https://www.wikidata.org/wiki/Q55632932
Q64481618,碎片,television series episode,2019-06-05,tt8758202,,,https://www.wikidata.org/wiki/Q64481618
Q84224774,罪惡,television series,2019-10-24,tt9644058,,94853,https://www.wikidata.org/wiki/Q84224774
Q55608702,亞瑟王傳說：詛咒,television series,2020-01-01,tt8210856,,83125,https://www.wikidata.org/wiki/Q55608702
Q81791900,死水难收,television series,2020-01-10,tt9704568,,95442,https://www.wikidata.org/wiki/Q81791900
Q84358761,鬧鬼的迪奧達蒂別墅,television series episode,2020-02-16,tt9361038,,,https://www.wikidata.org/wiki/Q84358761
Q56277874,金魔,television series,2020-04-17,tt7939218,,99741,https://www.wikidata.org/wiki/Q56277874
Q88532913,披头士乐队：回归,television series,2021-11-01,tt9735318,,128876,https://www.wikidata.org/wiki/Q88532913
Q110207138,哈利·波特20周年：重返霍格沃兹,television film,2022-01-01,tt16116174,899082,,https://www.wikidata.org/wiki/Q110207138
Q114032081,The Sound of Her Wings,television series episode,2022-08-05,tt10573626,,,https://www.wikidata.org/wiki/Q114032081
Q119129456,Aldhani,television series episode,2022-09-28,tt13847542,,,https://www.wikidata.org/wiki/Q119129456
Q119129459,Announcement,television series episode,2022-10-19,tt13847652,,,https://www.wikidata.org/wiki/Q119129459
Q111360692,夏洛特王后：柏捷頓家族前傳,miniseries,2023-05-04,tt14661396,,196454,https://www.wikidata.org/wiki/Q111360692
Q119082600,在海的另一边,television series episode,2023-06-15,tt27731623,,,https://www.wikidata.org/wiki/Q119082600
Q119082603,恶魔 79,television series episode,2023-06-15,tt27731671,,,https://www.wikidata.org/wiki/Q119082603
Q124004080,神秘博士：红宝石路教堂,television series episode,2023-12-25,tt28289422,,,https://www.wikidata.org/wiki/Q124004080
Q124820629,"Taskmaster, series 17",television season,2024-03-28,,,,https://www.wikidata.org/wiki/Q124820629
Q125881931,The Devil's Chord,television series episode,2024-05-11,tt28306434,,,https://www.wikidata.org/wiki/Q125881931
Q127254988,Under High Pressure: Investigation Into the Ryanair System,television film,2024-05-15,tt32474521,1296485,,https://www.wikidata.org/wiki/Q127254988
Q125918935,73碼,television series episode,2024-05-25,tt28704625,,,https://www.wikidata.org/wiki/Q125918935
Q125918937,Dot and Bubble,television series episode,2024-06-01,tt28718575,,,https://www.wikidata.org/wiki/Q125918937
Q125918939,Rogue,television series episode,2024-06-08,tt28764089,,,https://www.wikidata.org/wiki/Q125918939
Q136849363,Death: The High Cost of Living,television series episode,2025-07-31,tt35879457,,,https://www.wikidata.org/wiki/Q136849363
Q137833390,僱傭騎士,television series episode,2026-01-18,tt27497823,,,https://www.wikidata.org/wiki/Q137833390
Q137833391,硬鹹牛肉,television series episode,2026-01-25,tt32314131,,,https://www.wikidata.org/wiki/Q137833391
Q137833392,鄉紳,television series episode,2026-02-01,tt32314197,,,https://www.wikidata.org/wiki/Q137833392
Q137833393,Seven,television series episode,2026-02-06,tt32314201,,,https://www.wikidata.org/wiki/Q137833393
Q137833394,In the Name of the Mother,television series episode,2026-02-15,tt32314204,,,https://www.wikidata.org/wiki/Q137833394
Q137833395,The Morrow,television series episode,2026-02-22,tt32314212,,,https://www.wikidata.org/wiki/Q137833395
Q138762717,Crookhaven: The School for Thieves,television program,2026-03-22,,,,https://www.wikidata.org/wiki/Q138762717
Q4631870,24 Hours in A&E,television series,,tt2674484,,39706,https://www.wikidata.org/wiki/Q4631870
Q110652727,3 體,television series,,tt13016388,,108545,https://www.wikidata.org/wiki/Q110652727
Q117705975,A Kind of Spark,television series,,tt21149774,,223116,https://www.wikidata.org/wiki/Q117705975
Q96371323,A Question of Europe,television program,,tt5805286,,,https://www.wikidata.org/wiki/Q96371323
Q117075282,After the Flood,television series,,tt26745417,,241097,https://www.wikidata.org/wiki/Q117075282
Q15618496,Benefits Street,television series,,tt3406870,,155293,https://www.wikidata.org/wiki/Q15618496
Q4926623,Blind Young Things,television series episode,,tt1049474,,,https://www.wikidata.org/wiki/Q4926623
Q19871429,Boy Meets Girl,television series,,tt5000634,,63851,https://www.wikidata.org/wiki/Q19871429
Q16552671,"Broadchurch, season 1",television season,,,,,https://www.wikidata.org/wiki/Q16552671
Q97105980,Charity Shop Sue,web series,,tt11685208,,158660,https://www.wikidata.org/wiki/Q97105980
Q5133662,Climbing Great Buildings,television series,,tt1711385,,34007,https://www.wikidata.org/wiki/Q5133662
Q58326265,Clodagh’s Irish Food Trails,television series,,,,,https://www.wikidata.org/wiki/Q58326265
Q100258242,Confessions of a Fashionista,television series,,tt19838606,,209425,https://www.wikidata.org/wiki/Q100258242
Q136105997,Counsels,television series,,tt38091032,,,https://www.wikidata.org/wiki/Q136105997
Q30636436,Culinary Genius,television series,,,,,https://www.wikidata.org/wiki/Q30636436
Q84302586,"Dancing on Ice, series 12",television season,,,,,https://www.wikidata.org/wiki/Q84302586
Q5216214,Dani's House,television series,,tt1198825,,7970,https://www.wikidata.org/wiki/Q5216214
Q104842747,Dear Ladies,television series,,tt0085004,,26267,https://www.wikidata.org/wiki/Q104842747
Q124466034,Department Q,television series,,tt27995114,,245703,https://www.wikidata.org/wiki/Q124466034
Q5282710,Disraeli,television series,,tt0078601,266337,13603,https://www.wikidata.org/wiki/Q5282710
Q2644879,Dynamo: Magician Impossible,television series,,tt1999525,,40058,https://www.wikidata.org/wiki/Q2644879
Q23824552,England in General and Particular,television film,,tt4553876,,128333,https://www.wikidata.org/wiki/Q23824552
Q137997037,Episode 7,television series episode,,tt38991523,,,https://www.wikidata.org/wiki/Q137997037
Q5441332,Feel the Force,television series,,tt0768188,,2534,https://www.wikidata.org/wiki/Q5441332
Q55611750,Flack,television series,,tt8128344,,86632,https://www.wikidata.org/wiki/Q55611750
Q107022144,GPs: Behind Closed Doors,television series,,tt3713810,,85867,https://www.wikidata.org/wiki/Q107022144
Q4184778,Garrow的法律,television series,,tt1477131,,31325,https://www.wikidata.org/wiki/Q4184778
Q63438775,Ghosts,television series,,tt8594324,,17174,https://www.wikidata.org/wiki/Q63438775
Q1856630,Hi-de-Hi!,television series,,tt0123349,,2695,https://www.wikidata.org/wiki/Q1856630
Q110933665,Hope Street,television series,,tt14354984,,139492,https://www.wikidata.org/wiki/Q110933665
Q2034796,Howards' Way,television series,,tt0134250,,1492,https://www.wikidata.org/wiki/Q2034796
Q111640372,Hullraisers,television series,,tt15056674,,196845,https://www.wikidata.org/wiki/Q111640372
Q107144063,Inside the Vets,television series,,tt11854784,,81096,https://www.wikidata.org/wiki/Q107144063
Q126617755,Joelle Without Filter,television program,,,,,https://www.wikidata.org/wiki/Q126617755
Q1587491,Lark Rise to Candleford,television series,,tt1077744,,6998,https://www.wikidata.org/wiki/Q1587491
Q117717007,Late Night Lycett,television series,,tt26687060,,222653,https://www.wikidata.org/wiki/Q117717007
Q3549856,Life of Riley,television series,,tt1356374,,16419,https://www.wikidata.org/wiki/Q3549856
Q105104294,Lightning,television series,,tt11824466,,244886,https://www.wikidata.org/wiki/Q105104294
Q6675264,Looking After Jo Jo,television series,,tt0137315,,14146,https://www.wikidata.org/wiki/Q6675264
Q139661504,Lost and Found in the Lakes,television series,,tt35306660,,279408,https://www.wikidata.org/wiki/Q139661504
Q131913727,Mannat – Har Khushi Paane Ki,television series,,tt35294424,,281761,https://www.wikidata.org/wiki/Q131913727
Q6827950,Micawber,television series,,tt0303496,,13598,https://www.wikidata.org/wiki/Q6827950
Q132853337,Murder Before Evensong,television series,,tt34579520,,280571,https://www.wikidata.org/wiki/Q132853337
Q16257990,My Transsexual Summer,television series,,tt4042714,,,https://www.wikidata.org/wiki/Q16257990
Q136386899,NFL Big Game Night,television series,,tt38590409,,,https://www.wikidata.org/wiki/Q136386899
Q106644627,Newton's Cradle,television series,,tt11703922,,121487,https://www.wikidata.org/wiki/Q106644627
Q124335254,Others,television series,,tt29141868,,242779,https://www.wikidata.org/wiki/Q124335254
Q58238452,"Outlander, season 4",television season,,,,,https://www.wikidata.org/wiki/Q58238452
Q125305426,Outlander: Blood of My Blood,television series,,tt18332852,,207484,https://www.wikidata.org/wiki/Q125305426
Q60608206,Paddington Station 24/7,television series,,tt7487386,,73737,https://www.wikidata.org/wiki/Q60608206
Q590031,Paradox,television series,,tt1460746,,18588,https://www.wikidata.org/wiki/Q590031
Q125627115,Patience,television series,,tt31495377,,279603,https://www.wikidata.org/wiki/Q125627115
Q7152779,Paul O'Grady: For the Love of Dogs,television series,,tt2373856,,64886,https://www.wikidata.org/wiki/Q7152779
Q7234664,Potamus Park,television series,,tt0813855,,,https://www.wikidata.org/wiki/Q7234664
Q4255926,Pramface,television series,,tt2239949,,44733,https://www.wikidata.org/wiki/Q4255926
Q124544741,Prime Target,television series,,tt31186958,,246381,https://www.wikidata.org/wiki/Q124544741
Q136523955,Prisoner 951,television series,,tt38267331,,,https://www.wikidata.org/wiki/Q136523955
Q98744252,Professor T.,television series,,tt11981644,,126660,https://www.wikidata.org/wiki/Q98744252
Q123038243,Protection,television series,,tt28698590,,263236,https://www.wikidata.org/wiki/Q123038243
Q131612110,Q131612110,television series,,tt35329516,,283033,https://www.wikidata.org/wiki/Q131612110
Q134877613,Q134877613,television series,,tt38504111,,312693,https://www.wikidata.org/wiki/Q134877613
Q16935557,Q16935557,television series,,tt2980110,,62470,https://www.wikidata.org/wiki/Q16935557
Q109659920,"Queen of the Universe, season 1",television season,,,,,https://www.wikidata.org/wiki/Q109659920
Q126193106,Reunion,television series,,tt29768339,,254628,https://www.wikidata.org/wiki/Q126193106
Q65091388,RuPaul's Drag Race UK,television program,,tt9780442,,92611,https://www.wikidata.org/wiki/Q65091388
Q70650334,"RuPaul's Drag Race UK, series 1",television season,,,,,https://www.wikidata.org/wiki/Q70650334
Q104213051,"RuPaul's Drag Race UK, series 2",television season,,,,,https://www.wikidata.org/wiki/Q104213051
Q108132988,"RuPaul's Drag Race UK, series 3",television season,,,,,https://www.wikidata.org/wiki/Q108132988
Q113680503,"RuPaul's Drag Race UK, series 4",television season,,,,,https://www.wikidata.org/wiki/Q113680503
Q122145817,"RuPaul's Drag Race UK, series 5",television season,,,,,https://www.wikidata.org/wiki/Q122145817
Q55011701,Running Wild,television series,,tt0046640,,36696,https://www.wikidata.org/wiki/Q55011701
Q106153037,SAS: Rogue Heroes,television series,,tt10405370,,93870,https://www.wikidata.org/wiki/Q106153037
Q21715203,Salvage Hunters,television series,,tt2223298,,45303,https://www.wikidata.org/wiki/Q21715203
Q118288796,Scam Interceptors,television series,,tt19359688,,201292,https://www.wikidata.org/wiki/Q118288796
Q127609533,Seven Dials Mystery,television series,,tt31974288,,250505,https://www.wikidata.org/wiki/Q127609533
Q26834084,Shackleton: Death or Glory,television series,,tt3742938,,134960,https://www.wikidata.org/wiki/Q26834084
Q7602068,Starlight,television series,,,,,https://www.wikidata.org/wiki/Q7602068
Q111845570,Starstruck,television series,,tt10801368,,93288,https://www.wikidata.org/wiki/Q111845570
Q7623647,"Strictly Come Dancing, series 03",television season,,,,,https://www.wikidata.org/wiki/Q7623647
Q7623646,"Strictly Come Dancing, series 2",television season,,,,,https://www.wikidata.org/wiki/Q7623646
Q127797065,"Strictly Come Dancing, series 22",television season,,,,,https://www.wikidata.org/wiki/Q127797065
Q135447367,"Strictly Come Dancing, series 23",television season,,,,,https://www.wikidata.org/wiki/Q135447367
Q17022528,Suspects,television series,,tt3149010,,61448,https://www.wikidata.org/wiki/Q17022528
Q122766550,"Taskmaster, series 15",television season,,,,,https://www.wikidata.org/wiki/Q122766550
Q122766556,"Taskmaster, series 16",television season,,,,,https://www.wikidata.org/wiki/Q122766556
Q126198955,"Taskmaster, series 18",television season,,,,,https://www.wikidata.org/wiki/Q126198955
Q133818369,"Taskmaster, series 19",television season,,,,,https://www.wikidata.org/wiki/Q133818369
Q135209963,"Taskmaster, series 20",television season,,,,,https://www.wikidata.org/wiki/Q135209963
Q138749503,"Taskmaster, series 21",television season,,,,,https://www.wikidata.org/wiki/Q138749503
Q139825542,"Taskmaster, series 22",television season,,,,,https://www.wikidata.org/wiki/Q139825542
Q7699920,Tenko,television series,,tt0081944,,2775,https://www.wikidata.org/wiki/Q7699920
Q85806317,The Accident,miniseries,,tt9145372,,94755,https://www.wikidata.org/wiki/Q85806317
Q16992630,The Game,television series,,tt3159736,,61831,https://www.wikidata.org/wiki/Q16992630
Q109536378,The Long Call,television series,,tt13610872,,136397,https://www.wikidata.org/wiki/Q109536378
Q56612613,The Mighty Redcar,television series,,,,,https://www.wikidata.org/wiki/Q56612613
Q7751929,"The Mole, season 1",television season,,,,,https://www.wikidata.org/wiki/Q7751929
Q7754983,The Omega Factor,television series,,tt0078665,,1853,https://www.wikidata.org/wiki/Q7754983
Q108372670,The Power,television series,,tt10369484,,95558,https://www.wikidata.org/wiki/Q108372670
Q136555225,The Ridge,television series,,tt30984541,,285246,https://www.wikidata.org/wiki/Q136555225
Q60793979,The Secret Life of the Zoo,television series,,tt8343762,,65686,https://www.wikidata.org/wiki/Q60793979
Q111941813,"The Thief, His Wife and the Canoe",miniseries,,tt14183410,,196412,https://www.wikidata.org/wiki/Q111941813
Q115728642,The Traitors,television series,,tt23743442,,215307,https://www.wikidata.org/wiki/Q115728642
Q126737135,"The Traitors, season 3",television season,,,,,https://www.wikidata.org/wiki/Q126737135
Q1106528,The World seen from the train,television series,,,,322071,https://www.wikidata.org/wiki/Q1106528
Q13775204,The Wright Way,television series,,tt2649480,,47587,https://www.wikidata.org/wiki/Q13775204
Q112406063,The Yorkshire Vet,television series,,tt5016662,,100973,https://www.wikidata.org/wiki/Q112406063
Q7805126,"Time Team, series 1",television season,,,,,https://www.wikidata.org/wiki/Q7805126
Q7805140,"Time Team, series 2",television season,,,,,https://www.wikidata.org/wiki/Q7805140
Q116780924,Transformation Street,miniseries,,tt7859318,,83338,https://www.wikidata.org/wiki/Q116780924
Q124331638,Tree on a Hill,television series,,tt29902630,,247810,https://www.wikidata.org/wiki/Q124331638
Q15109327,Tudor Monastery Farm,television series,,tt4103600,,69433,https://www.wikidata.org/wiki/Q15109327
Q100921885,Us,miniseries,,tt10669608,,110232,https://www.wikidata.org/wiki/Q100921885
Q124691463,Vanderpump Villa,television series,,tt27999118,,245263,https://www.wikidata.org/wiki/Q124691463
Q15732968,W1A,television series,,tt3610926,,62479,https://www.wikidata.org/wiki/Q15732968
Q14920502,What Remains,television series,,tt2649588,,57857,https://www.wikidata.org/wiki/Q14920502
Q3025482,Win My Wage,television program,,tt1071195,,,https://www.wikidata.org/wiki/Q3025482
Q8029058,Wogan,television series,,tt0083504,,20477,https://www.wikidata.org/wiki/Q8029058
Q123740753,Wolf Hall: The Mirror and the Light,television series,,tt30088743,,,https://www.wikidata.org/wiki/Q123740753
Q126194054,Young Sherlock,television series,,tt8599532,,255661,https://www.wikidata.org/wiki/Q126194054
Q10863838,一切从失踪开始,television series,,,,109961,https://www.wikidata.org/wiki/Q10863838
Q120277524,七王国的骑士,television series,,tt27497448,,224372,https://www.wikidata.org/wiki/Q120277524
Q137832009,七王國的騎士第一季,television season,,,,,https://www.wikidata.org/wiki/Q137832009
Q137834485,七王國的騎士第二季,television season,,,,,https://www.wikidata.org/wiki/Q137834485
Q3272370,下班,television series,,tt0243183,,12334,https://www.wikidata.org/wiki/Q3272370
Q21062051,与敌为伴,miniseries,,tt4696944,,64685,https://www.wikidata.org/wiki/Q21062051
Q65051955,世界之战,television series,,tt9686194,,86374,https://www.wikidata.org/wiki/Q65051955
Q978011,中间人,television series,,tt1220617,,7317,https://www.wikidata.org/wiki/Q978011
Q5240237,乌托邦,television series,,tt2384811,,46511,https://www.wikidata.org/wiki/Q5240237
Q124829706,乌鸦女孩,television series,,tt30063915,,248698,https://www.wikidata.org/wiki/Q124829706
Q14955420,亚特兰蒂斯,television series,,tt2705602,,47054,https://www.wikidata.org/wiki/Q14955420
Q100324103,他們的人生,television series,,tt10122020,,110833,https://www.wikidata.org/wiki/Q100324103
Q28859711,代班,television series,,tt6410708,,70514,https://www.wikidata.org/wiki/Q28859711
Q795330,仰望夜空,television series,,tt0262990,,9873,https://www.wikidata.org/wiki/Q795330
Q1113852,伴我双飞,television series,,tt1749004,,34604,https://www.wikidata.org/wiki/Q1113852
Q104161310,侍僧 (電視劇),television series,,tt12262202,,114479,https://www.wikidata.org/wiki/Q104161310
Q27062250,傑克萊恩,television series,,tt5057054,,73375,https://www.wikidata.org/wiki/Q27062250
Q208048,兄弟连,miniseries,,tt0185906,,4613,https://www.wikidata.org/wiki/Q208048
Q107233698,克拉克森的农场,television series,,tt10541088,,117648,https://www.wikidata.org/wiki/Q107233698
Q629439,克蘭福鎮,television series,,tt0974077,,14264,https://www.wikidata.org/wiki/Q629439
Q96392399,兩極警探,television series,,tt10720914,,99962,https://www.wikidata.org/wiki/Q96392399
Q87192600,八十天环游地球,television series,,tt9174578,,96228,https://www.wikidata.org/wiki/Q87192600
Q114088977,冬日國王,television series,,tt11716756,,99737,https://www.wikidata.org/wiki/Q114088977
Q16997079,冬日斜陽,miniseries,,tt0788121,213658,,https://www.wikidata.org/wiki/Q16997079
Q65074869,北海鯨夢,television series,,tt7660970,,86941,https://www.wikidata.org/wiki/Q65074869
Q1341296,单身老爸,television series,,tt1605467,,34303,https://www.wikidata.org/wiki/Q1341296
Q15072906,古戰場傳奇,television series,,tt3006802,,56570,https://www.wikidata.org/wiki/Q15072906
Q1247858,只有傻瓜和馬,television series,,tt0081912,,72,https://www.wikidata.org/wiki/Q1247858
Q23623,同志亦凡人,television series,,tt0185102,,2388,https://www.wikidata.org/wiki/Q23623
Q28949539,名姝,television series,,tt5761478,,69541,https://www.wikidata.org/wiki/Q28949539
Q6494694,哈利法克斯最后的探戈,television series,,tt2216156,,47801,https://www.wikidata.org/wiki/Q6494694
Q83071,唐顿庄园,television series,,tt1606375,,33907,https://www.wikidata.org/wiki/Q83071
Q1760664,國際警網,television series,,tt0052475,,12025,https://www.wikidata.org/wiki/Q1760664
Q56280917,地下診所,television series,,tt7736572,,93177,https://www.wikidata.org/wiki/Q56280917
Q1532410,埃塞克斯是唯一的生活方式,television series,,tt1737565,,34284,https://www.wikidata.org/wiki/Q1532410
Q7733188,堕落,television series,,tt2294189,,49010,https://www.wikidata.org/wiki/Q7733188
Q2424566,塔格特探案,television series,,tt0088621,,2428,https://www.wikidata.org/wiki/Q2424566
Q1215959,夏普,television series,,tt12749392,,225,https://www.wikidata.org/wiki/Q1215959
Q104880809,外放特務組,television series,,tt5875444,,95480,https://www.wikidata.org/wiki/Q104880809
Q19865538,夜班经理,television series,,tt1399664,,61859,https://www.wikidata.org/wiki/Q19865538
Q115481652,夢想之地,television series,,tt22008216,,220154,https://www.wikidata.org/wiki/Q115481652
Q61782859,大帝 (迷你劇),television series,,tt2235759,,93812,https://www.wikidata.org/wiki/Q61782859
Q2065658,奇怪,television series,,tt0312209,,3873,https://www.wikidata.org/wiki/Q2065658
Q43377320,好兆头,television series,,tt1869454,,71915,https://www.wikidata.org/wiki/Q43377320
Q7979050,婚礼疯娘,television series,,tt0984159,80545,,https://www.wikidata.org/wiki/Q7979050
Q60462338,安道爾,television series,,tt9253284,,83867,https://www.wikidata.org/wiki/Q60462338
Q714753,宦海波折,television series,,tt0061287,,894,https://www.wikidata.org/wiki/Q714753
Q54999822,家国危机,television series,,tt8049666,,80058,https://www.wikidata.org/wiki/Q54999822
Q84079001,少年间谍亚历克斯,television series,,tt6964748,,99799,https://www.wikidata.org/wiki/Q84079001
Q5262960,布朗啟示錄,television program,,tt2513228,,58270,https://www.wikidata.org/wiki/Q5262960
Q126092795,幻视任务,miniseries,,tt23112594,,213375,https://www.wikidata.org/wiki/Q126092795
Q26964767,幽灵冬至,television series,,tt4853930,,64012,https://www.wikidata.org/wiki/Q26964767
Q15974768,彭伯利谋杀案,miniseries,,tt2951788,,56484,https://www.wikidata.org/wiki/Q15974768
Q105067184,循跡,television series,,tt9788012,,96335,https://www.wikidata.org/wiki/Q105067184
Q1151570,德古拉,television series,,tt2296682,,58928,https://www.wikidata.org/wiki/Q1151570
Q62033168,德古拉,television series,,tt9139220,,86850,https://www.wikidata.org/wiki/Q62033168
Q23647063,德雷尔一家,television series,,tt5014882,,66134,https://www.wikidata.org/wiki/Q23647063
Q106623586,心跳为你停,television series,,tt10638036,,124834,https://www.wikidata.org/wiki/Q106623586
Q2316316,急诊室,television series,,tt0096555,,1021,https://www.wikidata.org/wiki/Q2316316
Q21714983,應召女友,television series,,tt3846642,,64387,https://www.wikidata.org/wiki/Q21714983
Q1538095,戈登·拉姆齊的廚房噩夢,television series,,tt0409608,,2178,https://www.wikidata.org/wiki/Q1538095
Q18129061,我們的世界戰爭,television series,,tt3419604,,61251,https://www.wikidata.org/wiki/Q18129061
Q20642711,战火家园,television series,,tt4015216,,62048,https://www.wikidata.org/wiki/Q20642711
Q245929,戰爭與回憶,miniseries,,tt0096725,,32675,https://www.wikidata.org/wiki/Q245929
Q56277103,政治直播室,television program,,tt8925028,,85728,https://www.wikidata.org/wiki/Q56277103
Q1768525,新聞問答,television series,,tt0098820,,797,https://www.wikidata.org/wiki/Q1768525
Q929589,旧日火焰,television series,,tt0084987,,2072,https://www.wikidata.org/wiki/Q929589
Q60776367,未来岁月,miniseries,,tt8694364,,87104,https://www.wikidata.org/wiki/Q60776367
Q1247672,本尼希尔秀,television series,,tt0063869,,3002,https://www.wikidata.org/wiki/Q1247672
Q23572,权力的游戏,television series,,tt0944947,,1399,https://www.wikidata.org/wiki/Q23572
Q13099546,极品基老伴,television series,,tt2582590,,47039,https://www.wikidata.org/wiki/Q13099546
Q85748936,柏捷頓家族：名門韻事,television series,,tt8740790,,91239,https://www.wikidata.org/wiki/Q85748936
Q1176076,梅林传奇,television series,,tt1199099,,7225,https://www.wikidata.org/wiki/Q1176076
Q20899617,模仿大师,television series,,tt4934214,,63404,https://www.wikidata.org/wiki/Q20899617
Q24297601,氪星,television series,,tt4276624,,71340,https://www.wikidata.org/wiki/Q24297601
Q3907215,波尔达克,television series,,tt0075560,,35091,https://www.wikidata.org/wiki/Q3907215
Q17017945,波達克,television series,,tt3636060,,62084,https://www.wikidata.org/wiki/Q17017945
Q96407897,泰德拉索：錯棚教練趣事多,television series,,tt10986410,,97546,https://www.wikidata.org/wiki/Q96407897
Q110124169,洛克靈異偵探社,television series,,tt13802576,,213241,https://www.wikidata.org/wiki/Q110124169
Q64349029,洛基,television series,,tt9140554,,84958,https://www.wikidata.org/wiki/Q64349029
Q48862823,流星花园,television series,,tt8690890,,79818,https://www.wikidata.org/wiki/Q48862823
Q14944179,浴血黑帮,television series,,tt2442560,,60574,https://www.wikidata.org/wiki/Q14944179
Q25184642,淘氣小女巫,television series,,tt5721172,,69581,https://www.wikidata.org/wiki/Q25184642
Q19650325,混蛋劊子手,television series,,tt4218618,,63349,https://www.wikidata.org/wiki/Q19650325
Q57695644,潘尼沃斯,television series,,tt8425532,,79588,https://www.wikidata.org/wiki/Q57695644
Q21427546,潜行追踪,television series,,tt5038678,,63892,https://www.wikidata.org/wiki/Q21427546
Q16257677,牙買加客棧,miniseries,,tt3098842,,61245,https://www.wikidata.org/wiki/Q16257677
Q17039455,狼厅,television series,,tt3556920,,61697,https://www.wikidata.org/wiki/Q17039455
Q2083250,獵殺行動,television series,,tt2069449,,45576,https://www.wikidata.org/wiki/Q2083250
Q20707362,王冠,television series,,tt4786824,,65494,https://www.wikidata.org/wiki/Q20707362
Q18754951,王室,television series,,tt3597912,,62137,https://www.wikidata.org/wiki/Q18754951
Q3300572,畫謎,television series,,tt0867015,,1165,https://www.wikidata.org/wiki/Q3300572
Q85815367,白屋農場,miniseries,,tt11110622,,96954,https://www.wikidata.org/wiki/Q85815367
Q7772631,百年乡情,television series,,tt2394340,,46878,https://www.wikidata.org/wiki/Q7772631
Q632653,看守者,television series,,tt0078657,,3469,https://www.wikidata.org/wiki/Q632653
Q19572149,真實的人類,television series,,tt4122068,,62822,https://www.wikidata.org/wiki/Q19572149
Q115484851,真愛挑日子,television series,,tt16283804,,240667,https://www.wikidata.org/wiki/Q115484851
Q92590789,睡魔,television series,,tt1751634,,90802,https://www.wikidata.org/wiki/Q92590789
Q192837,神探夏洛克,miniseries,,tt1475582,,19885,https://www.wikidata.org/wiki/Q192837
Q1366945,神父特德,television series,,tt0111958,,1813,https://www.wikidata.org/wiki/Q1366945
Q108441863,秘密入侵,television series,,tt13157618,,114472,https://www.wikidata.org/wiki/Q108441863
Q72638293,空戰群英,miniseries,,tt2640044,,46518,https://www.wikidata.org/wiki/Q72638293
Q7000725,第七网络,television series,,tt1223180,,9587,https://www.wikidata.org/wiki/Q7000725
Q115860329,紳士追殺令,television series,,tt13210838,,236235,https://www.wikidata.org/wiki/Q115860329
Q2296908,絕地反擊,television series,,tt1492179,,32573,https://www.wikidata.org/wiki/Q2296908
Q50402975,罗斯的婚礼：上,television series episode,,tt0583566,,,https://www.wikidata.org/wiki/Q50402975
Q7381571,罗素·霍华德的好新闻,television series,,tt1564698,,30920,https://www.wikidata.org/wiki/Q7381571
Q13360187,职介破事儿,television series,,tt2885556,,59541,https://www.wikidata.org/wiki/Q13360187
Q19842935,胡迪尼与道尔,television series,,tt4539954,,65879,https://www.wikidata.org/wiki/Q19842935
Q17629108,胶合,television series,,tt3868832,,61380,https://www.wikidata.org/wiki/Q17629108
Q2225255,臨陣軟腳,television series,,tt0168596,,749,https://www.wikidata.org/wiki/Q2225255
Q107316056,至陰時刻,television series,,tt14379784,,157061,https://www.wikidata.org/wiki/Q107316056
Q107571783,致命距離,television series,,tt10939214,,93463,https://www.wikidata.org/wiki/Q107571783
Q6098106,艾凡赫,miniseries,,tt0118354,,32992,https://www.wikidata.org/wiki/Q6098106
Q105982644,艾塞克斯之蛇 (電視劇),television series,,tt12976224,,108171,https://www.wikidata.org/wiki/Q105982644
Q23042070,英国儿童好声音,television series,,,,,https://www.wikidata.org/wiki/Q23042070
Q33162,英国疯狂汽车秀,television series,,tt1628033,,45,https://www.wikidata.org/wiki/Q33162
Q1823010,英國好聲音,television series,,tt1971245,,39614,https://www.wikidata.org/wiki/Q1823010
Q16473347,荣耀之女,miniseries,,tt3021686,,61123,https://www.wikidata.org/wiki/Q16473347
Q24965508,菲利普·狄克的電子夢,television series,,tt5711280,,70391,https://www.wikidata.org/wiki/Q24965508
Q23905882,裸體吸引,television series,,tt5969074,,67385,https://www.wikidata.org/wiki/Q23905882
Q63066708,謎失港灣,television series,,tt8425404,,87773,https://www.wikidata.org/wiki/Q63066708
Q2292435,谋杀现场：福尔摩斯的黑暗初始,television series,,tt1333192,,9676,https://www.wikidata.org/wiki/Q2292435
Q48817189,起源號,television series,,tt7801780,,82875,https://www.wikidata.org/wiki/Q48817189
Q116864342,超越天堂,television series,,tt21161156,,205072,https://www.wikidata.org/wiki/Q116864342
Q55075013,越線的傢伙們,television program,,,,78665,https://www.wikidata.org/wiki/Q55075013
Q125564066,輪轉世代,television series,,tt13723084,,243954,https://www.wikidata.org/wiki/Q125564066
Q17018158,追捕,miniseries,,tt3315020,,61472,https://www.wikidata.org/wiki/Q17018158
Q7732398,逃脫大師,television series,,tt2649522,,46700,https://www.wikidata.org/wiki/Q7732398
Q275269,遠大前程,television series,,tt0096601,,39549,https://www.wikidata.org/wiki/Q275269
Q21998199,邊境 (2016年電視劇),television series,,tt4686698,,64555,https://www.wikidata.org/wiki/Q21998199
Q15104549,邊隧謎案,television series,,tt2711738,,56336,https://www.wikidata.org/wiki/Q15104549
Q55074958,那裡是哪兒？？,television program,,,,79960,https://www.wikidata.org/wiki/Q55074958
Q6553279,重任在肩,television series,,tt2303687,,43982,https://www.wikidata.org/wiki/Q6553279
Q108617654,鑽油平台危機,television series,,tt14273790,,112581,https://www.wikidata.org/wiki/Q108617654
Q1230632,锅匠、裁缝、士兵、间谍,miniseries,,tt0080297,,35430,https://www.wikidata.org/wiki/Q1230632
Q16992370,雪镇疑杀,television series,,tt3498622,,61335,https://www.wikidata.org/wiki/Q16992370
Q27156883,零异频道,television series,,tt4820370,,67752,https://www.wikidata.org/wiki/Q27156883
Q30460060,電視連續劇 不列顛尼亞,television series,,tt5932548,,70484,https://www.wikidata.org/wiki/Q30460060
Q1808310,靈魂之海,television series,,tt0372091,,14358,https://www.wikidata.org/wiki/Q1808310
Q332554,靚女笑口組,television series,,tt0105929,,4493,https://www.wikidata.org/wiki/Q332554
Q212731,非常大酒店,television series,,tt0072500,,2207,https://www.wikidata.org/wiki/Q212731
Q2261960,鞋盒動物園,television series,,tt0406468,,2033,https://www.wikidata.org/wiki/Q2261960
Q18890182,香蕉,television series,,tt3848126,,61931,https://www.wikidata.org/wiki/Q18890182
Q54999845,魔約之書,television series,,tt2177461,,77236,https://www.wikidata.org/wiki/Q54999845
Q5192414,黃瓜,television series,,tt3848112,,61932,https://www.wikidata.org/wiki/Q5192414
Q131324617,黑幫領地,television series,,tt31510819,,247718,https://www.wikidata.org/wiki/Q131324617
Q56195117,黑暗元素,television series,,tt5607976,,68507,https://www.wikidata.org/wiki/Q56195117
Q558112,黑镜,miniseries,,tt2085059,,42009,https://www.wikidata.org/wiki/Q558112
Q72930269,龍之家族,television series,,tt11198330,,94997,https://www.wikidata.org/wiki/Q72930269
Q5305406,龙穴,television series,,tt0443370,,13678,https://www.wikidata.org/wiki/Q5305406
Q137997040,Episode 10,television series episode,http://www,http://www.wikidata.org/.well-known/genid/023635261e441be0277c403c83c34cba,,,https://www.wikidata.org/wiki/Q137997040
Q137997041,Episode 11,television series episode,http://www,http://www.wikidata.org/.well-known/genid/e33c913143d493d489b83cd660e97408,,,https://www.wikidata.org/wiki/Q137997041
Q137997044,Episode 12,television series episode,http://www,http://www.wikidata.org/.well-known/genid/50e2175bb1727808c918137bb88140a2,,,https://www.wikidata.org/wiki/Q137997044
Q137997038,Episode 8,television series episode,http://www,http://www.wikidata.org/.well-known/genid/ad8f62c3d66bd7d094a671b9473b5fcf,,,https://www.wikidata.org/wiki/Q137997038
Q137997039,Episode 9,television series episode,http://www,http://www.wikidata.org/.well-known/genid/b8b0289433d04c2363a74e5c482935c4,,,https://www.wikidata.org/wiki/Q137997039
